Emp ID,Employee Name,Department,Designation,Joining Date,Months Active,S L,C L,E L,Total ,SL Used,CL Used,EL Used,LWP,Total Used,SL R,CL R,EL R,Total R,Status
1010,Mahabub Alam,,MD,08/09/2020,12,14.0,10.0,6.0,30.0,0,0,1,0,1,14.0,10.0,5.0,29.0,OK
1011,Md. Sabbir Hossain,Store,Executive,19/02/2021,12,14.0,10.0,6.0,30.0,0,0,0,0,0,14.0,10.0,6.0,30.0,OK
1012,Md. Aminul Haq,,Director,17/08/2021,12,14.0,10.0,6.0,30.0,0,0,0,0,0,14.0,10.0,6.0,30.0,OK
1013,Md. Marjanur Rashid,Production,Executive,25/10/2021,12,14.0,10.0,6.0,30.0,0,0,0,0,0,14.0,10.0,6.0,30.0,OK
1014,Md. Newaz Sharif,Purchase,Procurement,01/01/2022,12,14.0,10.0,6.0,30.0,0,0,0,0,0,14.0,10.0,6.0,30.0,OK
1015,Md. Tara Mia,Office Staff,Support Staff,01/07/2022,12,14.0,10.0,6.0,30.0,0,0,0,0,0,14.0,10.0,6.0,30.0,OK
1016,Md. Rojob Ali,Metal,Technician,20/09/2022,12,14.0,10.0,6.0,30.0,0,0,0,0,0,14.0,10.0,6.0,30.0,OK
1017,Md. Sojol Mia,Metal,Supervisor,20/09/2022,12,14.0,10.0,6.0,30.0,0,0,0,0,0,14.0,10.0,6.0,30.0,OK
1018,Bedana Begum,Cook,Cook,15/03/2023,12,14.0,10.0,6.0,30.0,0,0,0,0,0,14.0,10.0,6.0,30.0,OK
1019,S.M Mohammd Ali,Security,Security,15/05/2023,12,14.0,10.0,6.0,30.0,0,0,0,0,0,14.0,10.0,6.0,30.0,OK
1020,Bilkis Begum,Wood,Helper,02/04/2024,12,14.0,10.0,6.0,30.0,0,0,0,0,0,14.0,10.0,6.0,30.0,OK
1021,Md. Rifat Khan,Wood,Helper,05/04/2024,12,14.0,10.0,6.0,30.0,0,0,0,0,0,14.0,10.0,6.0,30.0,OK
1022,Abdul Kalam,Security,Security,07/03/2025,12,14.0,10.0,6.0,30.0,0,0,0,0,0,14.0,10.0,6.0,30.0,OK
1023,Md. Rashal,Panal,Technician,15/05/2025,12,14.0,10.0,6.0,30.0,0,0,0,0,0,14.0,10.0,6.0,30.0,OK
1024,Sahina Khatun,Wood,Helper,27/06/2025,12,14.0,10.0,6.0,30.0,0,0,0,0,0,14.0,10.0,6.0,30.0,OK
1025,Firoja Begum,Wood,Helper,01/07/2025,12,14.0,10.0,6.0,30.0,0,0,0,0,0,14.0,10.0,6.0,30.0,OK
1026,Hridoy Babu,Metal,Technician,25/07/2025,12,14.0,10.0,6.0,30.0,0,0,0,0,0,14.0,10.0,6.0,30.0,OK
1027,Debdash Barman,Wood,Helper Technician,12/08/2025,12,14.0,10.0,6.0,30.0,0,0,0,0,0,14.0,10.0,6.0,30.0,OK
1028,Md. Samuel Mollik,,CEO,21/08/2025,12,14.0,10.0,6.0,30.0,0,0,0,0,0,14.0,10.0,6.0,30.0,OK
1029,Md. Anney,Maintanance,Helper,01/09/2025,12,14.0,10.0,6.0,30.0,0,0,0,0,0,14.0,10.0,6.0,30.0,OK
1030,Manik Chandra Roy,Wood,Supervisor,03/09/2025,12,14.0,10.0,6.0,30.0,0,0,0,0,0,14.0,10.0,6.0,30.0,OK
1031,Md.Soikot Mia,Metal,Helper Technician,04/09/2025,12,14.0,10.0,6.0,30.0,0,0,0,0,0,14.0,10.0,6.0,30.0,OK
1032,Mst. Jannati Begum,Wood,Helper,04/09/2025,12,14.0,10.0,6.0,30.0,0,0,0,0,0,14.0,10.0,6.0,30.0,OK
1033,Md. Sadekul Islam,Panel,Helper Technician,04/09/2025,12,14.0,10.0,6.0,30.0,0,0,0,0,0,14.0,10.0,6.0,30.0,OK
1034,Md. Ariful Islam,C&S,Supervisor,04/09/2025,12,14.0,10.0,6.0,30.0,0,0,0,0,0,14.0,10.0,6.0,30.0,OK
1035,Bedana Begum,Cooking,Cook,04/09/2025,12,14.0,10.0,6.0,30.0,0,0,0,0,0,14.0,10.0,6.0,30.0,OK
1036,Jihad Sikder 1,Wood,Helper,05/09/2025,12,14.0,10.0,6.0,30.0,0,0,0,0,0,14.0,10.0,6.0,30.0,OK
1037,Md. Millat Hossain,C&S,Helper Technician,05/09/2025,12,14.0,10.0,6.0,30.0,0,0,0,0,0,14.0,10.0,6.0,30.0,OK
1038,Ismail Islam,Wood,Helper Technician,06/09/2025,12,14.0,10.0,6.0,30.0,0,0,0,0,0,14.0,10.0,6.0,30.0,OK
1039,Sudeb Chandra Roy,Wood,Helper,07/09/2025,12,14.0,10.0,6.0,30.0,0,0,0,0,0,14.0,10.0,6.0,30.0,OK
1040,Samsunahar Poli,Wood,Helper,12/09/2025,12,14.0,10.0,6.0,30.0,0,0,0,0,0,14.0,10.0,6.0,30.0,OK
1041,Mst Rabeya,Wood,Helper,01/10/2025,12,14.0,10.0,6.0,30.0,0,0,0,0,0,14.0,10.0,6.0,30.0,OK
1042,Murad Patwary,Sales & Marketing,AGM S&M,01/10/2025,12,14.0,10.0,6.0,30.0,0,0,0,0,0,14.0,10.0,6.0,30.0,OK
1043,Faisal Bin mawla,Design & Planing,Manager,01/10/2025,12,14.0,10.0,6.0,30.0,0,0,0,0,0,14.0,10.0,6.0,30.0,OK
1044,Molla Md. Sabit,IT,Software Engineer,01/10/2025,12,14.0,10.0,6.0,30.0,0,0,0,0,0,14.0,10.0,6.0,30.0,OK
1045,Munni Begum,Wood,Helper,22/10/2025,12,14.0,10.0,6.0,30.0,0,0,0,0,0,14.0,10.0,6.0,30.0,OK
1046,Md. Julhas Hossain Motin,Maintanance,Technician,02/11/2025,12,14.0,10.0,6.0,30.0,0,0,0,0,0,14.0,10.0,6.0,30.0,OK
1047,Khadiza Begum,Wood,Helper,02/11/2025,12,14.0,10.0,6.0,30.0,0,0,0,0,0,14.0,10.0,6.0,30.0,OK
1048,Md.Shimul Mia,Panel,Helper Technician,02/11/2025,12,14.0,10.0,6.0,30.0,0,0,0,0,0,14.0,10.0,6.0,30.0,OK
1049,Md. Al Amin,Panel,Supervisor,09/11/2025,12,14.0,10.0,6.0,30.0,0,0,0,0,0,14.0,10.0,6.0,30.0,OK
1050,Kodbanu,Wood,Helper,10/11/2025,12,14.0,10.0,6.0,30.0,0,0,0,0,0,14.0,10.0,6.0,30.0,OK
1051,Imran,Panel,Helper,11/11/2025,12,14.0,10.0,6.0,30.0,0,0,0,0,0,14.0,10.0,6.0,30.0,OK
1052,Sokina Akter,Wood,Helper,04/12/2025,12,14.0,10.0,6.0,30.0,0,0,0,0,0,14.0,10.0,6.0,30.0,OK
1053,Kamruzzaman Rakib,Procurment,Executive,09/12/2025,12,14.0,10.0,6.0,30.0,0,0,0,0,0,14.0,10.0,6.0,30.0,OK
1054,Nurul Haque,Panel,Technician,09/12/2025,12,14.0,10.0,6.0,30.0,0,0,0,0,0,14.0,10.0,6.0,30.0,OK
1055,Md. Abdul Hakim,Panel,Technician,26/12/2025,12,14.0,10.0,6.0,30.0,0,0,0,0,0,14.0,10.0,6.0,30.0,OK
1056,Md. Usan Hossain,Office Staff,Support Staff,01/01/2026,12,14.0,10.0,6.0,30.0,0,0,0,0,0,14.0,10.0,6.0,30.0,OK
1057,Md.Roton,Maintanance,Technician,10/01/2026,12,14.0,10.0,6.0,30.0,0,0,0,0,0,14.0,10.0,6.0,30.0,OK
1058,Afjal Hossain,Metal,Technician,24/01/2026,12,14.0,10.0,6.0,30.0,0,0,0,0,0,14.0,10.0,6.0,30.0,OK
1059,Mumtaj Khatun,wood,Helper,25/01/2026,12,14.0,10.0,6.0,30.0,0,0,0,0,0,14.0,10.0,6.0,30.0,OK
1060,Md. Sakib,Paking,Helper,26/05/2026,8,9.3,6.7,4.0,20.0,0,0,0,0,0,9.3,6.7,4.0,20.0,OK
1061,Md. Hasan Ali,Wood,Helper,27/01/2026,12,14.0,10.0,6.0,30.0,0,0,0,0,0,14.0,10.0,6.0,30.0,OK
1062,Mahamud,Metal,,01/02/2026,11,12.8,9.2,5.5,27.5,0,0,0,0,0,12.8,9.2,5.5,27.5,OK
1063,Md. Rubel ,Panel,Helper,01/02/2026,11,12.8,9.2,5.5,27.5,0,0,0,0,0,12.8,9.2,5.5,27.5,OK
1064,Palash Hossain,C&S,Helper Technician,01/02/2026,11,12.8,9.2,5.5,27.5,0,0,0,0,0,12.8,9.2,5.5,27.5,OK
1065,Md. Mehedi Hasan,Metal,Helper Technician,15/02/2026,11,12.8,9.2,5.5,27.5,0,0,0,0,0,12.8,9.2,5.5,27.5,OK
1066,Monira,Metal,,16/02/2026,11,12.8,9.2,5.5,27.5,0,0,0,0,0,12.8,9.2,5.5,27.5,OK
1067,Md. Gazi Monjoor,Distribution,,25/02/2026,11,12.8,9.2,5.5,27.5,0,0,0,0,0,12.8,9.2,5.5,27.5,OK
1068,Jesmin,Metal,,01/03/2026,10,11.7,8.3,5.0,25.0,0,0,0,0,0,11.7,8.3,5.0,25.0,OK
1069,Md. Mostofa,Panel,Helper Technician,01/03/2026,10,11.7,8.3,5.0,25.0,0,0,0,0,0,11.7,8.3,5.0,25.0,OK
1070,Khadiza 2,Wood,Helper,01/03/2026,10,11.7,8.3,5.0,25.0,0,0,0,0,0,11.7,8.3,5.0,25.0,OK
1071,Md. Sha Alam,Panal,Technician    ,06/03/2026,10,11.7,8.3,5.0,25.0,0,0,0,0,0,11.7,8.3,5.0,25.0,OK
1072,Md. Monikul Islam,Lacquer,Helper,07/03/2026,10,11.7,8.3,5.0,25.0,0,0,0,0,0,11.7,8.3,5.0,25.0,OK
1073,Md. Atikulk Islam,Panel,Helper Technician,07/03/2026,10,11.7,8.3,5.0,25.0,0,0,0,0,0,11.7,8.3,5.0,25.0,OK
1074,Lipi,Metal,Helper,08/03/2026,10,11.7,8.3,5.0,25.0,0,0,0,0,0,11.7,8.3,5.0,25.0,OK
1075,Atikul 2,Panal,Helper Technician,14/03/2026,10,11.7,8.3,5.0,25.0,0,0,0,0,0,11.7,8.3,5.0,25.0,OK
1076,Rasel Uddin,Sales & Marketing,SHR Incharge,15/03/2026,10,11.7,8.3,5.0,25.0,0,0,0,0,0,11.7,8.3,5.0,25.0,OK
1077,Monirul,,,21/03/2026,10,11.7,8.3,5.0,25.0,0,0,0,0,0,11.7,8.3,5.0,25.0,OK
1078,Md. Sagor Mondol,C&S,Helper Technician,01/04/2026,9,10.5,7.5,4.5,22.5,0,0,0,0,0,10.5,7.5,4.5,22.5,OK
1079,Sahin Sheikh,Paking,Supervisor,01/04/2026,9,10.5,7.5,4.5,22.5,0,0,0,0,0,10.5,7.5,4.5,22.5,OK
1080,Md. Tarikul Islam,Sales & Marketing,SR,01/04/2026,9,10.5,7.5,4.5,22.5,0,0,0,0,0,10.5,7.5,4.5,22.5,OK
1081,Liyam,Metal,Helper Technician,06/04/2026,9,10.5,7.5,4.5,22.5,0,0,0,0,0,10.5,7.5,4.5,22.5,OK
1082,Md. Hridoy Hossain,,,07/04/2026,9,10.5,7.5,4.5,22.5,0,0,0,0,0,10.5,7.5,4.5,22.5,OK
1083,Hasan Ali,Metal,Helper Technician,08/04/2026,9,10.5,7.5,4.5,22.5,0,0,0,0,0,10.5,7.5,4.5,22.5,OK
1084,Mala Banu,Panal,Helper,09/04/2026,9,10.5,7.5,4.5,22.5,0,0,0,0,0,10.5,7.5,4.5,22.5,OK
1085,Buluara,Panel,Helper,11/04/2026,9,10.5,7.5,4.5,22.5,0,0,0,0,0,10.5,7.5,4.5,22.5,OK
1086,Faruk Mia,Lacquer,Helper Technician,11/04/2026,9,10.5,7.5,4.5,22.5,0,0,0,0,0,10.5,7.5,4.5,22.5,OK
1087,Abdus Sattar,Metal,Technician,11/04/2026,9,10.5,7.5,4.5,22.5,0,0,0,0,0,10.5,7.5,4.5,22.5,OK
1088,Md. Aisur Rahman,Metal,Technician,11/04/2026,9,10.5,7.5,4.5,22.5,0,0,0,0,0,10.5,7.5,4.5,22.5,OK
1089,Golakesh Gain,Wood,Worker,12/04/2026,9,10.5,7.5,4.5,22.5,0,0,0,0,0,10.5,7.5,4.5,22.5,OK
1090,Mahim,Metal,Helper Technician,13/04/2026,9,10.5,7.5,4.5,22.5,0,0,0,0,0,10.5,7.5,4.5,22.5,OK
1091,Mst Fatama Begum,Panal,Helper,17/04/2026,9,10.5,7.5,4.5,22.5,0,0,0,0,0,10.5,7.5,4.5,22.5,OK
1092,Md. Jakirul Islam,Metal,Helper Technician,20/04/2026,9,10.5,7.5,4.5,22.5,0,0,0,0,0,10.5,7.5,4.5,22.5,OK
1093,Jihad 2,Metal,Helper Technician,20/04/2026,9,10.5,7.5,4.5,22.5,0,0,0,0,0,10.5,7.5,4.5,22.5,OK
1094,Jahirul Islam Sumon,Sales & Marketing,SR,20/04/2026,9,10.5,7.5,4.5,22.5,0,0,0,0,0,10.5,7.5,4.5,22.5,OK
1095,Md. Enamul Hoque,Panel,Technician,21/04/2026,9,10.5,7.5,4.5,22.5,0,0,0,0,0,10.5,7.5,4.5,22.5,OK
1096,Hashibur Rahman,Paking,Helper,28/04/2026,9,10.5,7.5,4.5,22.5,0,0,0,0,0,10.5,7.5,4.5,22.5,OK
1097,Sajid Murtuja,IT,IT Assistant,01/05/2026,8,9.3,6.7,4.0,20.0,0,0,0,0,0,9.3,6.7,4.0,20.0,OK
1098,Sajib Khan,Paking,Helper,07/05/2026,8,9.3,6.7,4.0,20.0,0,0,0,0,0,9.3,6.7,4.0,20.0,OK
1099,Milon Bisws,Wood,Helper,09/05/2026,8,9.3,6.7,4.0,20.0,0,0,0,0,0,9.3,6.7,4.0,20.0,OK
1100,Nazma,Cooking,Cook,01/01/2026,12,14.0,10.0,6.0,30.0,0,0,0,0,0,14.0,10.0,6.0,30.0,OK
1101,Mst. Jakia Akter,Sales & Marketing,Showroom assistant,10/05/2026,8,9.3,6.7,4.0,20.0,0,0,0,0,0,9.3,6.7,4.0,20.0,OK
1102,Musa Karim,Tender,Manager,13/05/2026,8,9.3,6.7,4.0,20.0,0,0,0,0,0,9.3,6.7,4.0,20.0,OK
1103,Yusuf Sirajy,Accounts & Finance,Manager,16/05/2026,8,9.3,6.7,4.0,20.0,0,0,0,0,0,9.3,6.7,4.0,20.0,OK
1104,Johirul,Panel,Helper,01/06/2026,7,8.2,5.8,3.5,17.5,0,0,0,0,0,8.2,5.8,3.5,17.5,OK
1105,Md. Sobuj Mia,Panel,Helper,01/06/2026,7,8.2,5.8,3.5,17.5,0,0,0,0,0,8.2,5.8,3.5,17.5,OK
1106,Yeanur Molla,Procurment,Distributor,01/06/2026,7,8.2,5.8,3.5,17.5,0,0,0,0,0,8.2,5.8,3.5,17.5,OK
1107,Aminul Haque,Lacquer,Helper Technician,02/06/2026,7,8.2,5.8,3.5,17.5,0,0,0,0,0,8.2,5.8,3.5,17.5,OK
1108,Md. Mominur Rahman,,Manager,05/06/2026,7,8.2,5.8,3.5,17.5,0,0,0,0,0,8.2,5.8,3.5,17.5,OK
1109,Mukter khan,Panal,,06/06/2026,7,8.2,5.8,3.5,17.5,0,0,0,0,0,8.2,5.8,3.5,17.5,OK
1110,Sefali,Panel,,06/06/2026,7,8.2,5.8,3.5,17.5,0,0,0,0,0,8.2,5.8,3.5,17.5,OK
1111,Sahida khatun,Wood,Helper,06/06/2026,7,8.2,5.8,3.5,17.5,0,0,0,0,0,8.2,5.8,3.5,17.5,OK
1112,Kazi Zakir,Maintanance,,06/06/2026,7,8.2,5.8,3.5,17.5,0,0,0,0,0,8.2,5.8,3.5,17.5,OK
1113,Md. Abul Hasim Rana,Design & Planing,Assistant manager,06/06/2026,7,8.2,5.8,3.5,17.5,0,0,0,0,0,8.2,5.8,3.5,17.5,OK
1114,Mst. Dolena,Wood,Helper,07/06/2026,7,8.2,5.8,3.5,17.5,0,0,0,0,0,8.2,5.8,3.5,17.5,OK
1115,Md. Enamul Hoque,Panel,Helper Technician,09/06/2026,7,8.2,5.8,3.5,17.5,0,0,0,0,0,8.2,5.8,3.5,17.5,OK
1116,Towhid,Metal,Helper,09/06/2026,7,8.2,5.8,3.5,17.5,0,0,0,0,0,8.2,5.8,3.5,17.5,OK
1117,Rubel Roy,Metal,Helper Technician,10/06/2026,7,8.2,5.8,3.5,17.5,0,0,0,0,0,8.2,5.8,3.5,17.5,OK
1118,Md.Akter Uzzaman ,IT & E-Commerce,Executive,10/06/2026,7,8.2,5.8,3.5,17.5,0,0,0,0,0,8.2,5.8,3.5,17.5,OK
1119,Sabbir,Panel,Helper Technician,13/06/2026,7,8.2,5.8,3.5,17.5,0,0,0,0,0,8.2,5.8,3.5,17.5,OK
1120,Soheb,C&S,Helper Technician,13/06/2026,7,8.2,5.8,3.5,17.5,0,0,0,0,0,8.2,5.8,3.5,17.5,OK
1121,Mst Shilpi Khatun,Wood,Helper,15/06/2026,7,8.2,5.8,3.5,17.5,0,0,0,0,0,8.2,5.8,3.5,17.5,OK
1122,Salma,Wood,Helper,15/06/2026,7,8.2,5.8,3.5,17.5,0,0,0,0,0,8.2,5.8,3.5,17.5,OK
1123,Monsur,C&S,Helper Technician,20/06/2026,7,8.2,5.8,3.5,17.5,0,0,0,0,0,8.2,5.8,3.5,17.5,OK
1124,Kazi Shafiqul Islam,Sales & Marketing,Deputy Manager,20/06/2026,7,8.2,5.8,3.5,17.5,0,0,0,0,0,8.2,5.8,3.5,17.5,OK
1125,Samiya Akter Sayma,Sales & Marketing,Sales Representative,20/06/2026,7,8.2,5.8,3.5,17.5,0,0,0,0,0,8.2,5.8,3.5,17.5,OK
1126,Bulbuli Begum,Wood,Helper,21/06/2026,7,8.2,5.8,3.5,17.5,0,0,0,0,0,8.2,5.8,3.5,17.5,OK
1127,Md. Miraj Khan,Panel,Helper,21/06/2026,7,8.2,5.8,3.5,17.5,0,0,0,0,0,8.2,5.8,3.5,17.5,OK
1128,Md. Jihad Mia,Metal,Helper Technician,21/06/2026,7,8.2,5.8,3.5,17.5,0,0,0,0,0,8.2,5.8,3.5,17.5,OK
1129,Rahat,Metal,Helper Technician,21/06/2026,7,8.2,5.8,3.5,17.5,0,0,0,0,0,8.2,5.8,3.5,17.5,OK
1130,Md. Emon,Lacquer,Helper Technician,28/06/2026,7,8.2,5.8,3.5,17.5,0,0,0,0,0,8.2,5.8,3.5,17.5,OK
1131,Abdul Haque,Panel,Helper Technician,28/06/2026,7,8.2,5.8,3.5,17.5,0,0,0,0,0,8.2,5.8,3.5,17.5,OK
1132,Md. Ejajul Haque,CNS,Technician,28/06/2026,7,8.2,5.8,3.5,17.5,0,0,0,0,0,8.2,5.8,3.5,17.5,OK
1133,Fatema Akter Tonni,Wood,Helper,01/07/2026,6,7.0,5.0,3.0,15.0,0,0,0,0,0,7.0,5.0,3.0,15.0,OK
1134,Mst Monzina,Wood,Helper,06/07/2026,6,7.0,5.0,3.0,15.0,0,0,0,0,0,7.0,5.0,3.0,15.0,OK
1135,Rakibul,Wood,Helper,07/07/2026,6,7.0,5.0,3.0,15.0,0,0,0,0,0,7.0,5.0,3.0,15.0,OK
1136,Marufa Bibi,Metal,Helper,07/07/2026,6,7.0,5.0,3.0,15.0,0,0,0,0,0,7.0,5.0,3.0,15.0,OK
1137,Md. Noyon Mia,Wood,Helper,11/07/2026,6,7.0,5.0,3.0,15.0,0,0,0,0,0,7.0,5.0,3.0,15.0,OK
1138,Sree Sukumar Chandra Mohonto,Metal,Helper Technician,11/07/2026,6,7.0,5.0,3.0,15.0,0,0,0,0,0,7.0,5.0,3.0,15.0,OK
1139,Md. Alamin Hossain,HR & Admin,Executive,11/07/2026,6,7.0,5.0,3.0,15.0,0,0,0,0,0,7.0,5.0,3.0,15.0,OK
1140,Shamim,Metal,Helper Technician,12/07/2026,6,7.0,5.0,3.0,15.0,0,0,0,0,0,7.0,5.0,3.0,15.0,OK
1141,Md. Romjan Ali,Panel,,12/07/2026,6,7.0,5.0,3.0,15.0,0,0,0,0,0,7.0,5.0,3.0,15.0,OK
1142,Mst Tarabanu,Wood,Helper,18/07/2026,6,7.0,5.0,3.0,15.0,0,0,0,0,0,7.0,5.0,3.0,15.0,OK
1143,Omar Faruk,Office Staff,Staff,18/07/2026,6,7.0,5.0,3.0,15.0,0,0,0,0,0,7.0,5.0,3.0,15.0,OK
1144,Md.Shamim,C&S,Helper Technician,21/07/2026,6,7.0,5.0,3.0,15.0,0,0,0,0,0,7.0,5.0,3.0,15.0,OK
1145,Mohammed Ullah Chowdhury,Accounts & Finance,Jr. Executive,21/07/2026,6,7.0,5.0,3.0,15.0,0,0,0,0,0,7.0,5.0,3.0,15.0,OK
1146,Durjoy Chandra Roy,Wood,Helper,21/07/2026,6,7.0,5.0,3.0,15.0,0,0,0,0,0,7.0,5.0,3.0,15.0,OK
1147,Md.Mahmud Hossain,Sales & Marketing,Head of Business Development,25/07/2026,6,7.0,5.0,3.0,15.0,0,0,0,0,0,7.0,5.0,3.0,15.0,OK
1148,Bobita,Metal,Helper,26/07/2026,6,7.0,5.0,3.0,15.0,0,0,0,0,0,7.0,5.0,3.0,15.0,OK
1149,Mst Rojina,wood,Helper,26/07/2026,6,7.0,5.0,3.0,15.0,0,0,0,0,0,7.0,5.0,3.0,15.0,OK
1150,Momena,wood,Helper,25/07/2026,6,7.0,5.0,3.0,15.0,0,0,0,0,0,7.0,5.0,3.0,15.0,OK
1151,Aleya,Wood,Helper,26/07/2026,6,7.0,5.0,3.0,15.0,0,0,0,0,0,7.0,5.0,3.0,15.0,OK
1152,Rozina Begum,Wood,Helper,27/07/2026,6,7.0,5.0,3.0,15.0,0,0,0,0,0,7.0,5.0,3.0,15.0,OK
1153,Md. Golam Mostafa Khan,Supply Chain,AGM,01/08/2026,5,5.8,4.2,2.5,12.5,0,0,0,0,0,5.8,4.2,2.5,12.5,OK
1154,Md. Nijam Uddin,Sales & Marketing,Project Co-Ordinetor,01/08/2026,5,5.8,4.2,2.5,12.5,0,0,0,0,0,5.8,4.2,2.5,12.5,OK
1155,Sajeda Akter,COOK,Cook,02/08/2026,5,5.8,4.2,2.5,12.5,0,0,0,0,0,5.8,4.2,2.5,12.5,OK
1156,Md. Sakil Hossain,Panal,Helper,02/08/2026,5,5.8,4.2,2.5,12.5,0,0,0,0,0,5.8,4.2,2.5,12.5,OK
1157,Md. Shahidul Islam Munsur,Lacquire,Supervisor,09/08/2026,5,5.8,4.2,2.5,12.5,0,0,0,0,0,5.8,4.2,2.5,12.5,OK
1158,Mst Aysha Sumi,Lacquer,Helper,10/08/2026,5,5.8,4.2,2.5,12.5,0,0,0,0,0,5.8,4.2,2.5,12.5,OK
1159,Md. Rakib Khan,Lacquer,Helper,11/08/2026,5,5.8,4.2,2.5,12.5,0,0,0,0,0,5.8,4.2,2.5,12.5,OK
1160,Md. Beauty Akter,Lacquer,Helper,12/08/2026,5,5.8,4.2,2.5,12.5,0,0,0,0,0,5.8,4.2,2.5,12.5,OK
1161,Durjoy Razbongsi,Metal,Helper,13/08/2026,5,5.8,4.2,2.5,12.5,0,0,0,0,0,5.8,4.2,2.5,12.5,OK
1162,Md. Biplob Hossain,Transport,Driver,14/08/2026,5,5.8,4.2,2.5,12.5,0,0,0,0,0,5.8,4.2,2.5,12.5,OK
1163,Shoeb Ahammad,Corporate Sales,Executive,01/08/2026,5,5.8,4.2,2.5,12.5,0,0,0,0,0,5.8,4.2,2.5,12.5,OK
1164,Himel Kamal,Staff,Showroom Staff,08/08/2026,5,5.8,4.2,2.5,12.5,0,0,0,0,0,5.8,4.2,2.5,12.5,OK
1165,Kulsum Akter,Sales & Marketing,Jr. Sales Executive,09/08/2026,5,5.8,4.2,2.5,12.5,0,0,0,0,0,5.8,4.2,2.5,12.5,OK
1166,Iftikhar Ahmed Tanvir,Corporate Sales,Executive,10/08/2026,5,5.8,4.2,2.5,12.5,0,0,0,0,0,5.8,4.2,2.5,12.5,OK
1167,Md. Sabbir Hossain,Sales & Marketing,Executive,11/08/2026,5,5.8,4.2,2.5,12.5,0,0,0,0,0,5.8,4.2,2.5,12.5,OK
1168,Nirob,CNS,Helper,12/08/2026,5,5.8,4.2,2.5,12.5,0,0,0,0,0,5.8,4.2,2.5,12.5,OK
1169,Durjoy ,Wood,Helper,13/08/2026,5,5.8,4.2,2.5,12.5,0,0,0,0,0,5.8,4.2,2.5,12.5,OK
1170,Rakib Hossain,Wood,Helper,14/08/2026,5,5.8,4.2,2.5,12.5,0,0,0,0,0,5.8,4.2,2.5,12.5,OK
1171,Piyash,wood,Helper,15/08/2026,5,5.8,4.2,2.5,12.5,0,0,0,0,0,5.8,4.2,2.5,12.5,OK
1172,Mst pinki Khatun,Lacquer,Helper,16/08/2026,5,5.8,4.2,2.5,12.5,0,0,0,0,0,5.8,4.2,2.5,12.5,OK
1173,Md. Shanto Pramanik,Lacquer,Helper,17/08/2026,5,5.8,4.2,2.5,12.5,0,0,0,0,0,5.8,4.2,2.5,12.5,OK
1174,Md. Ekram Hossain,Lacquer,Helper,18/08/2026,5,5.8,4.2,2.5,12.5,0,0,0,0,0,5.8,4.2,2.5,12.5,OK
1175,Mst Ela Khatun,Lacquer,Helper,19/08/2026,5,5.8,4.2,2.5,12.5,0,0,0,0,0,5.8,4.2,2.5,12.5,OK
1176,Md. Shahidul Islam Munsur,Lacquer,Helper,20/08/2026,5,5.8,4.2,2.5,12.5,0,0,0,0,0,5.8,4.2,2.5,12.5,OK
1177,Sonia,Lacquer,Helper,21/08/2026,5,5.8,4.2,2.5,12.5,0,0,0,0,0,5.8,4.2,2.5,12.5,OK
1178,Md. Bosir,Lacquer,Helper,22/08/2026,5,5.8,4.2,2.5,12.5,0,0,0,0,0,5.8,4.2,2.5,12.5,OK
1179,Rabbi,Paking,Helper,23/08/2026,5,5.8,4.2,2.5,12.5,0,0,0,0,0,5.8,4.2,2.5,12.5,OK
1180,Krisna,Paking,Helper,24/08/2026,5,5.8,4.2,2.5,12.5,0,0,0,0,0,5.8,4.2,2.5,12.5,OK
1181,Chandon,Paking,Helper,25/08/2026,5,5.8,4.2,2.5,12.5,0,0,0,0,0,5.8,4.2,2.5,12.5,OK
1182,Shekh Sagor,CNS,Helper,26/08/2026,5,5.8,4.2,2.5,12.5,0,0,0,0,0,5.8,4.2,2.5,12.5,OK
1183,Md. Shoaib hossain,CNS,Technician    ,27/08/2026,5,5.8,4.2,2.5,12.5,0,0,0,0,0,5.8,4.2,2.5,12.5,OK
1184,Md. Monsur Sheikh,CNS,Technician    ,28/08/2026,5,5.8,4.2,2.5,12.5,0,0,0,0,0,5.8,4.2,2.5,12.5,OK
1185,Md. Asmaul Husna,CNS,Helper,29/08/2026,5,5.8,4.2,2.5,12.5,0,0,0,0,0,5.8,4.2,2.5,12.5,OK
1186,Rosul Ahmmed,CNS,Helper,30/08/2026,5,5.8,4.2,2.5,12.5,0,0,0,0,0,5.8,4.2,2.5,12.5,OK
1187,Mst Sarmina khatun,Metal,Helper,06/06/2026,7,8.2,5.8,3.5,17.5,0,0,0,0,0,8.2,5.8,3.5,17.5,OK
1188,Md. Nazrul,Metal,Helper,07/07/2026,6,7.0,5.0,3.0,15.0,0,0,0,0,0,7.0,5.0,3.0,15.0,OK
1189,Mst Sazeda,Wood,Helper,02/07/2026,6,7.0,5.0,3.0,15.0,0,0,0,0,0,7.0,5.0,3.0,15.0,OK
1190,Samiul,Wood,Helper,03/07/2026,6,7.0,5.0,3.0,15.0,0,0,0,0,0,7.0,5.0,3.0,15.0,OK
1191,Md. Rifat Ali,Metal,,04/07/2026,6,7.0,5.0,3.0,15.0,0,0,0,0,0,7.0,5.0,3.0,15.0,OK
1192,Md. Faruk Mia,Metal,,05/07/2026,6,7.0,5.0,3.0,15.0,0,0,0,0,0,7.0,5.0,3.0,15.0,OK
1193,Asha,Wood,Helper,06/07/2026,6,7.0,5.0,3.0,15.0,0,0,0,0,0,7.0,5.0,3.0,15.0,OK
1194,Md. Abul Kalam,Store,Incharge,26/08/2026,5,5.8,4.2,2.5,12.5,0,0,0,0,0,5.8,4.2,2.5,12.5,OK
1195,Md. Rifat Ali,Metal,Helper,27/08/2026,5,5.8,4.2,2.5,12.5,0,0,0,0,0,5.8,4.2,2.5,12.5,OK
1196,Mst. Rujina Begum,polish,Helper,28/08/2026,5,5.8,4.2,2.5,12.5,0,0,0,0,0,5.8,4.2,2.5,12.5,OK
1197,Md.Faruk Mia,Metal,Technician,29/08/2026,5,5.8,4.2,2.5,12.5,0,0,0,0,0,5.8,4.2,2.5,12.5,OK
1198,Md. Amir Hossain,Panel,,30/08/2026,5,5.8,4.2,2.5,12.5,0,0,0,0,0,5.8,4.2,2.5,12.5,OK
1199,Abdur Rahman,Panel,,30/08/2026,5,5.8,4.2,2.5,12.5,0,0,0,0,0,5.8,4.2,2.5,12.5,OK
1200,Sabbir Hossain,Panel,,30/08/2026,5,5.8,4.2,2.5,12.5,0,0,0,0,0,5.8,4.2,2.5,12.5,OK
1201,Mijanur Rahman,Panel,,30/08/2026,5,5.8,4.2,2.5,12.5,0,0,0,0,0,5.8,4.2,2.5,12.5,OK
1202,Mst. Fatema ,Panel,,30/08/2026,5,5.8,4.2,2.5,12.5,0,0,0,0,0,5.8,4.2,2.5,12.5,OK
1203,Md. Romjan ,Panel,,30/08/2026,5,5.8,4.2,2.5,12.5,0,0,0,0,0,5.8,4.2,2.5,12.5,OK
1204,Md.Arif Sarker ,Sales & Marketing,Assistant manager,01/09/2026,4,4.7,3.3,2.0,10.0,0,0,0,0,0,4.7,3.3,2.0,10.0,OK
1205,Abduz Jaher,CNS,Supervisor,14/09/2026,4,4.7,3.3,2.0,10.0,0,0,0,0,0,4.7,3.3,2.0,10.0,OK
1206,K.M. Abdullah Akib,IE,Jr Executive,14/09/2026,4,4.7,3.3,2.0,10.0,0,1,0,0,1,4.7,2.3,2.0,9.0,OK
1207,Md. Jahir Mia,CNS,,10/09/2026,4,4.7,3.3,2.0,10.0,0,0,0,0,0,4.7,3.3,2.0,10.0,OK
1208,Md. Yasir RahinShah,Production,Assistant manager,27/09/2026,4,4.7,3.3,2.0,10.0,0,0,0,0,0,4.7,3.3,2.0,10.0,OK
1209,Samima Akter,Lacquer,Helper,05/09/2026,4,4.7,3.3,2.0,10.0,0,0,0,0,0,4.7,3.3,2.0,10.0,OK
1210,Monira Khatun,Lacquer,Helper,15/09/2026,4,4.7,3.3,2.0,10.0,0,0,0,0,0,4.7,3.3,2.0,10.0,OK
1211,Nomita Rani,Lacquer,Helper,16/09/2026,4,4.7,3.3,2.0,10.0,0,0,0,0,0,4.7,3.3,2.0,10.0,OK
1212,Roni,Panel,,17/09/2026,4,4.7,3.3,2.0,10.0,0,0,0,0,0,4.7,3.3,2.0,10.0,OK
1213,Rabbin Uzzaman Sarkar,,Jr Executive,18/09/2026,4,4.7,3.3,2.0,10.0,0,0,0,0,0,4.7,3.3,2.0,10.0,OK
1214,Ms. Fahrin Saif,CRM,Sr. Executive,28/09/2026,4,4.7,3.3,2.0,10.0,0,0,0,0,0,4.7,3.3,2.0,10.0,OK
1215,Md. Raju Hossain,Sales & Marketing,Sr. Executive,01/10/2026,3,3.5,2.5,1.5,7.5,0,0,0,0,0,3.5,2.5,1.5,7.5,OK
